Site,window_start,Nutrient,Concentration
Q1,1988-01-05,NH4-N,27.533333333333335
Q1,1988-01-05,Ca,3.42
Q1,1988-01-05,Mg,2.1926666666666668
Q1,1988-01-05,K,0.8066666666666666
Q1,1988-01-05,NO3-N,155.06666666666666
Q1,1988-03-08,NH4-N,22.125
Q1,1988-03-08,Ca,3.084375
Q1,1988-03-08,Mg,1.976875
Q1,1988-03-08,K,0.89
Q1,1988-03-08,NO3-N,207.8125
Q1,1988-05-10,NH4-N,90.625
Q1,1988-05-10,Ca,2.9850000000000003
Q1,1988-05-10,Mg,2.183
Q1,1988-05-10,K,0.8811111111111111
Q1,1988-05-10,NO3-N,157.5
Q1,1988-07-12,NH4-N,15.5
Q1,1988-07-12,Ca,2.686923076923077
Q1,1988-07-12,Mg,1.9523076923076923
Q1,1988-07-12,K,0.7607692307692308
Q1,1988-07-12,NO3-N,63
Q1,1988-09-13,NH4-N,50.25
Q1,1988-09-13,Ca,3.665
Q1,1988-09-13,Mg,2.43875
Q1,1988-09-13,K,0.7925
Q1,1988-09-13,NO3-N,140.55555555555554
Q1,1988-11-15,NH4-N,NA
Q1,1988-11-15,Ca,4.15125
Q1,1988-11-15,Mg,2.3722222222222222
Q1,1988-11-15,K,0.8444444444444444
Q1,1988-11-15,NO3-N,153.625
Q1,1989-01-17,NH4-N,NA
Q1,1989-01-17,Ca,4.293333333333333
Q1,1989-01-17,Mg,2.783333333333333
Q1,1989-01-17,K,0.9088888888888889
Q1,1989-01-17,NO3-N,130.11111111111111
Q1,1989-03-21,NH4-N,NA
Q1,1989-03-21,Ca,4.444444444444445
Q1,1989-03-21,Mg,2.738888888888889
Q1,1989-03-21,K,0.8544444444444445
Q1,1989-03-21,NO3-N,141.88888888888889
Q1,1989-05-23,NH4-N,NA
Q1,1989-05-23,Ca,4.5344444444444445
Q1,1989-05-23,Mg,2.901111111111111
Q1,1989-05-23,K,0.9477777777777777
Q1,1989-05-23,NO3-N,123
Q1,1989-07-25,NH4-N,NA
Q1,1989-07-25,Ca,4.042222222222222
Q1,1989-07-25,Mg,2.6466666666666665
Q1,1989-07-25,K,0.9344444444444444
Q1,1989-07-25,NO3-N,88.375
Q1,1989-09-26,NH4-N,NA
Q1,1989-09-26,Ca,4.2290909090909095
Q1,1989-09-26,Mg,3.0154545454545456
Q1,1989-09-26,K,1.3208333333333333
Q1,1989-09-26,NO3-N,415.7142857142857
Q1,1989-11-28,NH4-N,NA
Q1,1989-11-28,Ca,5.8566666666666665
Q1,1989-11-28,Mg,3.2266666666666666
Q1,1989-11-28,K,1.1466666666666667
Q1,1989-11-28,NO3-N,99
Q1,1990-01-30,NH4-N,NA
Q1,1990-01-30,Ca,5.546666666666667
Q1,1990-01-30,Mg,3.1666666666666665
Q1,1990-01-30,K,1.2344444444444445
Q1,1990-01-30,NO3-N,211.375
Q1,1990-04-03,NH4-N,NA
Q1,1990-04-03,Ca,4.312857142857143
Q1,1990-04-03,Mg,2.5492857142857144
Q1,1990-04-03,K,1.3628571428571428
Q1,1990-04-03,NO3-N,450.30769230769226
Q1,1990-06-05,NH4-N,NA
Q1,1990-06-05,Ca,5.4944444444444445
Q1,1990-06-05,Mg,3.2333333333333334
Q1,1990-06-05,K,1.1555555555555554
Q1,1990-06-05,NO3-N,143.77777777777777
Q1,1990-08-07,NH4-N,NA
Q1,1990-08-07,Ca,5.841111111111111
Q1,1990-08-07,Mg,3.2688888888888887
Q1,1990-08-07,K,0.8844444444444445
Q1,1990-08-07,NO3-N,80.83333333333334
Q1,1990-10-09,NH4-N,NA
Q1,1990-10-09,Ca,4.603
Q1,1990-10-09,Mg,2.832
Q1,1990-10-09,K,1.007
Q1,1990-10-09,NO3-N,108.5
Q1,1990-12-11,NH4-N,NA
Q1,1990-12-11,Ca,5.297
Q1,1990-12-11,Mg,2.988
Q1,1990-12-11,K,0.983
Q1,1990-12-11,NO3-N,155.375
Q1,1991-02-12,NH4-N,NA
Q1,1991-02-12,Ca,5.656
Q1,1991-02-12,Mg,3.145
Q1,1991-02-12,K,0.8210000000000001
Q1,1991-02-12,NO3-N,65.9
Q1,1991-04-16,NH4-N,NA
Q1,1991-04-16,Ca,5.167777777777777
Q1,1991-04-16,Mg,2.9477777777777776
Q1,1991-04-16,K,0.9255555555555556
Q1,1991-04-16,NO3-N,46.375
Q1,1991-06-18,NH4-N,NA
Q1,1991-06-18,Ca,5.622222222222223
Q1,1991-06-18,Mg,3.3777777777777778
Q1,1991-06-18,K,0.7644444444444445
Q1,1991-06-18,NO3-N,32.42857142857143
Q1,1991-08-20,NH4-N,NA
Q1,1991-08-20,Ca,5.84
Q1,1991-08-20,Mg,3.614
Q1,1991-08-20,K,1.165
Q1,1991-08-20,NO3-N,63.5
Q1,1991-10-22,NH4-N,NA
Q1,1991-10-22,Ca,4.274615384615385
Q1,1991-10-22,Mg,2.716153846153846
Q1,1991-10-22,K,1.1407692307692308
Q1,1991-10-22,NO3-N,121.6923076923077
Q1,1991-12-24,NH4-N,NA
Q1,1991-12-24,Ca,4.971111111111111
Q1,1991-12-24,Mg,2.9955555555555557
Q1,1991-12-24,K,1.24
Q1,1991-12-24,NO3-N,187.125
Q1,1992-02-25,NH4-N,NA
Q1,1992-02-25,Ca,6.308888888888889
Q1,1992-02-25,Mg,3.578888888888889
Q1,1992-02-25,K,1.1111111111111112
Q1,1992-02-25,NO3-N,79.75
Q1,1992-04-28,NH4-N,NA
Q1,1992-04-28,Ca,4.303333333333334
Q1,1992-04-28,Mg,2.59
Q1,1992-04-28,K,1.031111111111111
Q1,1992-04-28,NO3-N,57.125
Q1,1992-06-30,NH4-N,NA
Q1,1992-06-30,Ca,5.6066666666666665
Q1,1992-06-30,Mg,3.2455555555555557
Q1,1992-06-30,K,1.1466666666666667
Q1,1992-06-30,NO3-N,140.625
Q1,1992-09-01,NH4-N,NA
Q1,1992-09-01,Ca,6.2
Q1,1992-09-01,Mg,3.517777777777778
Q1,1992-09-01,K,1.0655555555555556
Q1,1992-09-01,NO3-N,67.71428571428571
Q1,1992-11-03,NH4-N,NA
Q1,1992-11-03,Ca,4.543333333333333
Q1,1992-11-03,Mg,2.4955555555555557
Q1,1992-11-03,K,0.9622222222222222
Q1,1992-11-03,NO3-N,33
Q1,1993-01-05,NH4-N,NA
Q1,1993-01-05,Ca,4.975555555555555
Q1,1993-01-05,Mg,3.181111111111111
Q1,1993-01-05,K,1.1344444444444444
Q1,1993-01-05,NO3-N,20
Q1,1993-03-09,NH4-N,NA
Q1,1993-03-09,Ca,5.795555555555556
Q1,1993-03-09,Mg,3.671111111111111
Q1,1993-03-09,K,1.1744444444444444
Q1,1993-03-09,NO3-N,137.11111111111111
Q1,1993-05-11,NH4-N,NA
Q1,1993-05-11,Ca,5.611111111111111
Q1,1993-05-11,Mg,3.2222222222222223
Q1,1993-05-11,K,1.1577777777777778
Q1,1993-05-11,NO3-N,28.333333333333332
Q1,1993-07-13,NH4-N,NA
Q1,1993-07-13,Ca,5.467777777777778
Q1,1993-07-13,Mg,3.013333333333333
Q1,1993-07-13,K,1.0033333333333334
Q1,1993-07-13,NO3-N,44.6
Q1,1993-09-14,NH4-N,NA
Q1,1993-09-14,Ca,5.921111111111111
Q1,1993-09-14,Mg,3.3266666666666667
Q1,1993-09-14,K,1.1211111111111112
Q1,1993-09-14,NO3-N,28.333333333333332
Q1,1993-11-16,NH4-N,NA
Q1,1993-11-16,Ca,5.688888888888889
Q1,1993-11-16,Mg,3.1688888888888886
Q1,1993-11-16,K,1.18
Q1,1993-11-16,NO3-N,22.166666666666668
Q1,1994-01-18,NH4-N,NA
Q1,1994-01-18,Ca,5.302222222222222
Q1,1994-01-18,Mg,2.951111111111111
Q1,1994-01-18,K,1.0055555555555555
Q1,1994-01-18,NO3-N,13.5
Q1,1994-03-22,NH4-N,NA
Q1,1994-03-22,Ca,6.14
Q1,1994-03-22,Mg,3.347777777777778
Q1,1994-03-22,K,1.051111111111111
Q1,1994-03-22,NO3-N,65.66666666666667
Q1,1994-05-24,NH4-N,NA
Q1,1994-05-24,Ca,6.785
Q1,1994-05-24,Mg,3.85
Q1,1994-05-24,K,1.21
Q1,1994-05-24,NO3-N,51.22222222222222
Q1,1994-07-26,NH4-N,NA
Q1,1994-07-26,Ca,6.015555555555555
Q1,1994-07-26,Mg,3.398888888888889
Q1,1994-07-26,K,1.2377777777777779
Q1,1994-07-26,NO3-N,NA
Q1,1994-09-27,NH4-N,NA
Q1,1994-09-27,Ca,5.921111111111111
Q1,1994-09-27,Mg,3.183333333333333
Q1,1994-09-27,K,1.12
Q1,1994-09-27,NO3-N,NA
Q1,1994-11-29,NH4-N,NA
Q1,1994-11-29,Ca,5.74
Q1,1994-11-29,Mg,3.1375
Q1,1994-11-29,K,1.09375
Q1,1994-11-29,NO3-N,109
Q2,1988-01-05,NH4-N,18.5
Q2,1988-01-05,Ca,4.415555555555556
Q2,1988-01-05,Mg,2.11
Q2,1988-01-05,K,0.8672222222222222
Q2,1988-01-05,NO3-N,239.1875
Q2,1988-03-08,NH4-N,27.142857142857142
Q2,1988-03-08,Ca,4.243333333333333
Q2,1988-03-08,Mg,2.316666666666667
Q2,1988-03-08,K,0.7833333333333333
Q2,1988-03-08,NO3-N,192.33333333333334
Q2,1988-05-10,NH4-N,74.42857142857143
Q2,1988-05-10,Ca,3.587
Q2,1988-05-10,Mg,2.1189999999999998
Q2,1988-05-10,K,0.7969999999999999
Q2,1988-05-10,NO3-N,239.33333333333334
Q2,1988-07-12,NH4-N,14
Q2,1988-07-12,Ca,3.446
Q2,1988-07-12,Mg,2.0286666666666666
Q2,1988-07-12,K,0.7846666666666666
Q2,1988-07-12,NO3-N,178.33333333333334
Q2,1988-09-13,NH4-N,47
Q2,1988-09-13,Ca,4.55
Q2,1988-09-13,Mg,2.37
Q2,1988-09-13,K,0.77
Q2,1988-09-13,NO3-N,205
Q2,1988-11-15,NH4-N,NA
Q2,1988-11-15,Ca,4.161111111111111
Q2,1988-11-15,Mg,2.3633333333333333
Q2,1988-11-15,K,0.8722222222222222
Q2,1988-11-15,NO3-N,220.66666666666666
Q2,1989-01-17,NH4-N,NA
Q2,1989-01-17,Ca,4.592222222222222
Q2,1989-01-17,Mg,2.52
Q2,1989-01-17,K,0.9011111111111111
Q2,1989-01-17,NO3-N,232.8
Q2,1989-03-21,NH4-N,NA
Q2,1989-03-21,Ca,4.467777777777778
Q2,1989-03-21,Mg,2.8766666666666665
Q2,1989-03-21,K,0.8766666666666667
Q2,1989-03-21,NO3-N,190.55555555555554
Q2,1989-05-23,NH4-N,NA
Q2,1989-05-23,Ca,4.615555555555556
Q2,1989-05-23,Mg,2.5166666666666666
Q2,1989-05-23,K,0.9522222222222222
Q2,1989-05-23,NO3-N,166.66666666666666
Q2,1989-07-25,NH4-N,NA
Q2,1989-07-25,Ca,4.905555555555556
Q2,1989-07-25,Mg,2.541111111111111
Q2,1989-07-25,K,1.01
Q2,1989-07-25,NO3-N,143.25
Q2,1989-09-26,NH4-N,NA
Q2,1989-09-26,Ca,5.465454545454546
Q2,1989-09-26,Mg,2.97
Q2,1989-09-26,K,1.4533333333333334
Q2,1989-09-26,NO3-N,419.1111111111111
Q2,1989-11-28,NH4-N,NA
Q2,1989-11-28,Ca,6.613333333333333
Q2,1989-11-28,Mg,3.1233333333333335
Q2,1989-11-28,K,1.2066666666666666
Q2,1989-11-28,NO3-N,239.25
Q2,1990-01-30,NH4-N,NA
Q2,1990-01-30,Ca,6.53
Q2,1990-01-30,Mg,3.0522222222222224
Q2,1990-01-30,K,1.3388888888888888
Q2,1990-01-30,NO3-N,188
Q2,1990-04-03,NH4-N,NA
Q2,1990-04-03,Ca,5.1971428571428575
Q2,1990-04-03,Mg,2.4907142857142857
Q2,1990-04-03,K,1.3635714285714287
Q2,1990-04-03,NO3-N,466.7692307692308
Q2,1990-06-05,NH4-N,NA
Q2,1990-06-05,Ca,6.776666666666666
Q2,1990-06-05,Mg,3.2088888888888887
Q2,1990-06-05,K,1.1311111111111112
Q2,1990-06-05,NO3-N,232.77777777777777
Q2,1990-08-07,NH4-N,NA
Q2,1990-08-07,Ca,7.187777777777778
Q2,1990-08-07,Mg,3.2244444444444444
Q2,1990-08-07,K,0.9255555555555556
Q2,1990-08-07,NO3-N,121.11111111111113
Q2,1990-10-09,NH4-N,NA
Q2,1990-10-09,Ca,5.773
Q2,1990-10-09,Mg,2.712
Q2,1990-10-09,K,0.901
Q2,1990-10-09,NO3-N,164.7
Q2,1990-12-11,NH4-N,NA
Q2,1990-12-11,Ca,6.782
Q2,1990-12-11,Mg,3.08
Q2,1990-12-11,K,0.998
Q2,1990-12-11,NO3-N,182.11111111111111
Q2,1991-02-12,NH4-N,NA
Q2,1991-02-12,Ca,6.742
Q2,1991-02-12,Mg,2.938
Q2,1991-02-12,K,0.843
Q2,1991-02-12,NO3-N,138.11111111111111
Q2,1991-04-16,NH4-N,NA
Q2,1991-04-16,Ca,3.796666666666667
Q2,1991-04-16,Mg,2.8377777777777777
Q2,1991-04-16,K,1.01
Q2,1991-04-16,NO3-N,35.75
Q2,1991-06-18,NH4-N,NA
Q2,1991-06-18,Ca,5.316666666666666
Q2,1991-06-18,Mg,3.201111111111111
Q2,1991-06-18,K,0.9955555555555555
Q2,1991-06-18,NO3-N,81
Q2,1991-08-20,NH4-N,NA
Q2,1991-08-20,Ca,6.027
Q2,1991-08-20,Mg,2.9859999999999998
Q2,1991-08-20,K,1.42
Q2,1991-08-20,NO3-N,88.2
Q2,1991-10-22,NH4-N,NA
Q2,1991-10-22,Ca,4.760769230769231
Q2,1991-10-22,Mg,2.7115384615384617
Q2,1991-10-22,K,1.273076923076923
Q2,1991-10-22,NO3-N,226.69230769230768
Q2,1991-12-24,NH4-N,NA
Q2,1991-12-24,Ca,5.828888888888889
Q2,1991-12-24,Mg,2.924444444444444
Q2,1991-12-24,K,1.3033333333333332
Q2,1991-12-24,NO3-N,283.8888888888889
Q2,1992-02-25,NH4-N,NA
Q2,1992-02-25,Ca,5.852222222222222
Q2,1992-02-25,Mg,3.121111111111111
Q2,1992-02-25,K,1.1222222222222222
Q2,1992-02-25,NO3-N,88.125
Q2,1992-04-28,NH4-N,NA
Q2,1992-04-28,Ca,5.24
Q2,1992-04-28,Mg,2.482222222222222
Q2,1992-04-28,K,1.2466666666666666
Q2,1992-04-28,NO3-N,124.875
Q2,1992-06-30,NH4-N,NA
Q2,1992-06-30,Ca,6.88
Q2,1992-06-30,Mg,3.26
Q2,1992-06-30,K,1.23
Q2,1992-06-30,NO3-N,108.22222222222223
Q2,1992-09-01,NH4-N,NA
Q2,1992-09-01,Ca,6.641111111111111
Q2,1992-09-01,Mg,3.1655555555555557
Q2,1992-09-01,K,1.2677777777777777
Q2,1992-09-01,NO3-N,49.125
Q2,1992-11-03,NH4-N,NA
Q2,1992-11-03,Ca,5.694444444444445
Q2,1992-11-03,Mg,2.6044444444444443
Q2,1992-11-03,K,1.2144444444444444
Q2,1992-11-03,NO3-N,66.28571428571429
Q2,1993-01-05,NH4-N,NA
Q2,1993-01-05,Ca,6.49
Q2,1993-01-05,Mg,3.181111111111111
Q2,1993-01-05,K,1.27
Q2,1993-01-05,NO3-N,135
Q2,1993-03-09,NH4-N,NA
Q2,1993-03-09,Ca,6.347777777777778
Q2,1993-03-09,Mg,3.243333333333333
Q2,1993-03-09,K,1.3044444444444445
Q2,1993-03-09,NO3-N,144
Q2,1993-05-11,NH4-N,NA
Q2,1993-05-11,Ca,6.171111111111111
Q2,1993-05-11,Mg,2.9611111111111112
Q2,1993-05-11,K,1.468888888888889
Q2,1993-05-11,NO3-N,72.75
Q2,1993-07-13,NH4-N,NA
Q2,1993-07-13,Ca,7.205555555555556
Q2,1993-07-13,Mg,3.1777777777777776
Q2,1993-07-13,K,1.4122222222222223
Q2,1993-07-13,NO3-N,23.5
Q2,1993-09-14,NH4-N,NA
Q2,1993-09-14,Ca,6.414444444444444
Q2,1993-09-14,Mg,2.8533333333333335
Q2,1993-09-14,K,1.33
Q2,1993-09-14,NO3-N,55.33333333333333
Q2,1993-11-16,NH4-N,NA
Q2,1993-11-16,Ca,6.371111111111111
Q2,1993-11-16,Mg,2.6155555555555554
Q2,1993-11-16,K,1.4
Q2,1993-11-16,NO3-N,56.66666666666667
Q2,1994-01-18,NH4-N,NA
Q2,1994-01-18,Ca,5.916666666666667
Q2,1994-01-18,Mg,2.828888888888889
Q2,1994-01-18,K,1.3533333333333333
Q2,1994-01-18,NO3-N,12.333333333333334
Q2,1994-03-22,NH4-N,NA
Q2,1994-03-22,Ca,6.77
Q2,1994-03-22,Mg,3.0566666666666666
Q2,1994-03-22,K,1.2733333333333334
Q2,1994-03-22,NO3-N,30.166666666666664
Q2,1994-05-24,NH4-N,NA
Q2,1994-05-24,Ca,6.51
Q2,1994-05-24,Mg,3.11875
Q2,1994-05-24,K,1.46125
Q2,1994-05-24,NO3-N,87.625
Q2,1994-07-26,NH4-N,NA
Q2,1994-07-26,Ca,3.913333333333333
Q2,1994-07-26,Mg,1.9333333333333331
Q2,1994-07-26,K,0.9500000000000001
Q2,1994-07-26,NO3-N,NA
Q2,1994-09-27,NH4-N,NA
Q2,1994-09-27,Ca,4.5125
Q2,1994-09-27,Mg,2.125
Q2,1994-09-27,K,1.2125
Q2,1994-09-27,NO3-N,NA
Q2,1994-11-29,NH4-N,NA
Q2,1994-11-29,Ca,5.89375
Q2,1994-11-29,Mg,2.7875
Q2,1994-11-29,K,1.1724999999999999
Q2,1994-11-29,NO3-N,NA
Q3,1988-01-05,NH4-N,33.1764705882353
Q3,1988-01-05,Ca,3.3953333333333333
Q3,1988-01-05,Mg,2.556
Q3,1988-01-05,K,0.728
Q3,1988-01-05,NO3-N,165.4375
Q3,1988-03-08,NH4-N,26.333333333333332
Q3,1988-03-08,Ca,3.4766666666666666
Q3,1988-03-08,Mg,2.6144444444444446
Q3,1988-03-08,K,0.5555555555555556
Q3,1988-03-08,NO3-N,205.22222222222223
Q3,1988-05-10,NH4-N,59.57142857142857
Q3,1988-05-10,Ca,2.613
Q3,1988-05-10,Mg,2.339
Q3,1988-05-10,K,0.688
Q3,1988-05-10,NO3-N,196
Q3,1988-07-12,NH4-N,28.6
Q3,1988-07-12,Ca,2.710714285714286
Q3,1988-07-12,Mg,2.2592857142857143
Q3,1988-07-12,K,0.6328571428571429
Q3,1988-07-12,NO3-N,134.66666666666666
Q3,1988-09-13,NH4-N,41.75
Q3,1988-09-13,Ca,3.33125
Q3,1988-09-13,Mg,2.48875
Q3,1988-09-13,K,0.6275
Q3,1988-09-13,NO3-N,168.25
Q3,1988-11-15,NH4-N,NA
Q3,1988-11-15,Ca,3.815
Q3,1988-11-15,Mg,2.66
Q3,1988-11-15,K,0.7366666666666667
Q3,1988-11-15,NO3-N,191.33333333333334
Q3,1989-01-17,NH4-N,NA
Q3,1989-01-17,Ca,3.801111111111111
Q3,1989-01-17,Mg,2.8033333333333332
Q3,1989-01-17,K,0.7688888888888888
Q3,1989-01-17,NO3-N,163.66666666666666
Q3,1989-03-21,NH4-N,NA
Q3,1989-03-21,Ca,3.9033333333333333
Q3,1989-03-21,Mg,2.7355555555555555
Q3,1989-03-21,K,0.7344444444444445
Q3,1989-03-21,NO3-N,164.66666666666666
Q3,1989-05-23,NH4-N,NA
Q3,1989-05-23,Ca,3.7533333333333334
Q3,1989-05-23,Mg,2.8066666666666666
Q3,1989-05-23,K,0.7511111111111111
Q3,1989-05-23,NO3-N,92.22222222222223
Q3,1989-07-25,NH4-N,NA
Q3,1989-07-25,Ca,3.6166666666666667
Q3,1989-07-25,Mg,2.4344444444444444
Q3,1989-07-25,K,0.81125
Q3,1989-07-25,NO3-N,155.875
Q3,1989-09-26,NH4-N,NA
Q3,1989-09-26,Ca,3.6163636363636367
Q3,1989-09-26,Mg,3.325454545454545
Q3,1989-09-26,K,1.4708333333333332
Q3,1989-09-26,NO3-N,444.625
Q3,1989-11-28,NH4-N,NA
Q3,1989-11-28,Ca,5.1433333333333335
Q3,1989-11-28,Mg,3.5666666666666664
Q3,1989-11-28,K,1.268888888888889
Q3,1989-11-28,NO3-N,218.625
Q3,1990-01-30,NH4-N,NA
Q3,1990-01-30,Ca,4.81
Q3,1990-01-30,Mg,3.3755555555555556
Q3,1990-01-30,K,1.4522222222222223
Q3,1990-01-30,NO3-N,381.77777777777777
Q3,1990-04-03,NH4-N,NA
Q3,1990-04-03,Ca,3.6885714285714286
Q3,1990-04-03,Mg,2.6742857142857144
Q3,1990-04-03,K,1.3478571428571429
Q3,1990-04-03,NO3-N,352.3076923076923
Q3,1990-06-05,NH4-N,NA
Q3,1990-06-05,Ca,4.614444444444445
Q3,1990-06-05,Mg,3.3677777777777775
Q3,1990-06-05,K,1.1855555555555555
Q3,1990-06-05,NO3-N,224.25
Q3,1990-08-07,NH4-N,NA
Q3,1990-08-07,Ca,5.593333333333334
Q3,1990-08-07,Mg,3.4522222222222223
Q3,1990-08-07,K,0.9944444444444445
Q3,1990-08-07,NO3-N,151.77777777777777
Q3,1990-10-09,NH4-N,NA
Q3,1990-10-09,Ca,5.102
Q3,1990-10-09,Mg,2.934
Q3,1990-10-09,K,0.9339999999999999
Q3,1990-10-09,NO3-N,155.11111111111111
Q3,1990-12-11,NH4-N,NA
Q3,1990-12-11,Ca,4.6770000000000005
Q3,1990-12-11,Mg,3.08
Q3,1990-12-11,K,0.9460000000000001
Q3,1990-12-11,NO3-N,170.625
Q3,1991-02-12,NH4-N,NA
Q3,1991-02-12,Ca,4.788
Q3,1991-02-12,Mg,3.772
Q3,1991-02-12,K,0.79
Q3,1991-02-12,NO3-N,146.3
Q3,1991-04-16,NH4-N,NA
Q3,1991-04-16,Ca,4.216666666666667
Q3,1991-04-16,Mg,3.243333333333333
Q3,1991-04-16,K,0.8922222222222222
Q3,1991-04-16,NO3-N,56.142857142857146
Q3,1991-06-18,NH4-N,NA
Q3,1991-06-18,Ca,4.447777777777778
Q3,1991-06-18,Mg,3.535555555555556
Q3,1991-06-18,K,0.8588888888888889
Q3,1991-06-18,NO3-N,118.625
Q3,1991-08-20,NH4-N,NA
Q3,1991-08-20,Ca,4.675
Q3,1991-08-20,Mg,3.249
Q3,1991-08-20,K,1.05
Q3,1991-08-20,NO3-N,114.8
Q3,1991-10-22,NH4-N,NA
Q3,1991-10-22,Ca,3.8207692307692307
Q3,1991-10-22,Mg,2.813846153846154
Q3,1991-10-22,K,0.8776923076923077
Q3,1991-10-22,NO3-N,167
Q3,1991-12-24,NH4-N,NA
Q3,1991-12-24,Ca,4.888888888888888
Q3,1991-12-24,Mg,3.13
Q3,1991-12-24,K,1.0333333333333334
Q3,1991-12-24,NO3-N,179.55555555555554
Q3,1992-02-25,NH4-N,NA
Q3,1992-02-25,Ca,6.21
Q3,1992-02-25,Mg,3.3511111111111114
Q3,1992-02-25,K,1.12
Q3,1992-02-25,NO3-N,127.375
Q3,1992-04-28,NH4-N,NA
Q3,1992-04-28,Ca,4.054444444444444
Q3,1992-04-28,Mg,2.73
Q3,1992-04-28,K,0.9355555555555556
Q3,1992-04-28,NO3-N,115
Q3,1992-06-30,NH4-N,NA
Q3,1992-06-30,Ca,4.682222222222222
Q3,1992-06-30,Mg,3.263333333333333
Q3,1992-06-30,K,1.1411111111111112
Q3,1992-06-30,NO3-N,44.888888888888886
Q3,1992-09-01,NH4-N,NA
Q3,1992-09-01,Ca,4.835555555555556
Q3,1992-09-01,Mg,3.2177777777777776
Q3,1992-09-01,K,0.8933333333333333
Q3,1992-09-01,NO3-N,56.33333333333333
Q3,1992-11-03,NH4-N,NA
Q3,1992-11-03,Ca,4.528888888888889
Q3,1992-11-03,Mg,3.2466666666666666
Q3,1992-11-03,K,1.0977777777777777
Q3,1992-11-03,NO3-N,40.28571428571429
Q3,1993-01-05,NH4-N,NA
Q3,1993-01-05,Ca,4.0377777777777775
Q3,1993-01-05,Mg,3.0211111111111113
Q3,1993-01-05,K,0.8122222222222223
Q3,1993-01-05,NO3-N,207
Q3,1993-03-09,NH4-N,NA
Q3,1993-03-09,Ca,4.424444444444444
Q3,1993-03-09,Mg,3.571111111111111
Q3,1993-03-09,K,0.8122222222222222
Q3,1993-03-09,NO3-N,129.125
Q3,1993-05-11,NH4-N,NA
Q3,1993-05-11,Ca,4.31625
Q3,1993-05-11,Mg,3.0637499999999998
Q3,1993-05-11,K,0.855
Q3,1993-05-11,NO3-N,59
Q3,1993-07-13,NH4-N,NA
Q3,1993-07-13,Ca,4.687777777777778
Q3,1993-07-13,Mg,2.95
Q3,1993-07-13,K,0.8355555555555556
Q3,1993-07-13,NO3-N,102.83333333333334
Q3,1993-09-14,NH4-N,NA
Q3,1993-09-14,Ca,4.526666666666666
Q3,1993-09-14,Mg,3.0775
Q3,1993-09-14,K,0.8044444444444444
Q3,1993-09-14,NO3-N,43.66666666666667
Q3,1993-11-16,NH4-N,NA
Q3,1993-11-16,Ca,4.225555555555555
Q3,1993-11-16,Mg,2.7577777777777777
Q3,1993-11-16,K,0.8833333333333333
Q3,1993-11-16,NO3-N,32.333333333333336
Q3,1994-01-18,NH4-N,NA
Q3,1994-01-18,Ca,4.366666666666666
Q3,1994-01-18,Mg,2.973333333333333
Q3,1994-01-18,K,0.8377777777777777
Q3,1994-01-18,NO3-N,11
Q3,1994-03-22,NH4-N,NA
Q3,1994-03-22,Ca,5.066666666666666
Q3,1994-03-22,Mg,3.3666666666666667
Q3,1994-03-22,K,0.8622222222222222
Q3,1994-03-22,NO3-N,49
Q3,1994-05-24,NH4-N,NA
Q3,1994-05-24,Ca,5.294
Q3,1994-05-24,Mg,3.657
Q3,1994-05-24,K,0.907
Q3,1994-05-24,NO3-N,52.111111111111114
Q3,1994-07-26,NH4-N,NA
Q3,1994-07-26,Ca,4.98
Q3,1994-07-26,Mg,3.522222222222222
Q3,1994-07-26,K,0.8433333333333334
Q3,1994-07-26,NO3-N,NA
Q3,1994-09-27,NH4-N,NA
Q3,1994-09-27,Ca,4.561111111111111
Q3,1994-09-27,Mg,3.1544444444444446
Q3,1994-09-27,K,0.8644444444444445
Q3,1994-09-27,NO3-N,NA
Q3,1994-11-29,NH4-N,NA
Q3,1994-11-29,Ca,4.626666666666667
Q3,1994-11-29,Mg,3.3833333333333333
Q3,1994-11-29,K,0.8733333333333334
Q3,1994-11-29,NO3-N,NA
MPR,1988-01-05,NH4-N,NA
MPR,1988-01-05,Ca,NA
MPR,1988-01-05,Mg,NA
MPR,1988-01-05,K,NA
MPR,1988-01-05,NO3-N,NA
MPR,1988-03-08,NH4-N,NA
MPR,1988-03-08,Ca,NA
MPR,1988-03-08,Mg,NA
MPR,1988-03-08,K,NA
MPR,1988-03-08,NO3-N,NA
MPR,1988-05-10,NH4-N,NA
MPR,1988-05-10,Ca,NA
MPR,1988-05-10,Mg,NA
MPR,1988-05-10,K,NA
MPR,1988-05-10,NO3-N,NA
MPR,1988-07-12,NH4-N,NA
MPR,1988-07-12,Ca,NA
MPR,1988-07-12,Mg,NA
MPR,1988-07-12,K,NA
MPR,1988-07-12,NO3-N,NA
MPR,1988-09-13,NH4-N,NA
MPR,1988-09-13,Ca,NA
MPR,1988-09-13,Mg,NA
MPR,1988-09-13,K,NA
MPR,1988-09-13,NO3-N,NA
MPR,1988-11-15,NH4-N,NA
MPR,1988-11-15,Ca,NA
MPR,1988-11-15,Mg,NA
MPR,1988-11-15,K,NA
MPR,1988-11-15,NO3-N,NA
MPR,1989-01-17,NH4-N,NA
MPR,1989-01-17,Ca,NA
MPR,1989-01-17,Mg,NA
MPR,1989-01-17,K,NA
MPR,1989-01-17,NO3-N,NA
MPR,1989-03-21,NH4-N,NA
MPR,1989-03-21,Ca,6.15
MPR,1989-03-21,Mg,1.92
MPR,1989-03-21,K,0.77
MPR,1989-03-21,NO3-N,69
MPR,1989-05-23,NH4-N,NA
MPR,1989-05-23,Ca,6.525
MPR,1989-05-23,Mg,1.965
MPR,1989-05-23,K,0.675
MPR,1989-05-23,NO3-N,58.285714285714285
MPR,1989-07-25,NH4-N,NA
MPR,1989-07-25,Ca,6.252857142857143
MPR,1989-07-25,Mg,1.5783333333333334
MPR,1989-07-25,K,0.6614285714285714
MPR,1989-07-25,NO3-N,73.71428571428571
MPR,1989-09-26,NH4-N,NA
MPR,1989-09-26,Ca,6.906
MPR,1989-09-26,Mg,2.194
MPR,1989-09-26,K,1.21
MPR,1989-09-26,NO3-N,263.5
MPR,1989-11-28,NH4-N,NA
MPR,1989-11-28,Ca,9.15375
MPR,1989-11-28,Mg,2.5187500000000003
MPR,1989-11-28,K,0.9
MPR,1989-11-28,NO3-N,85.85714285714286
MPR,1990-01-30,NH4-N,NA
MPR,1990-01-30,Ca,8.305
MPR,1990-01-30,Mg,2.048888888888889
MPR,1990-01-30,K,1.0855555555555556
MPR,1990-01-30,NO3-N,243.88888888888889
MPR,1990-04-03,NH4-N,NA
MPR,1990-04-03,Ca,9.503333333333334
MPR,1990-04-03,Mg,2.207777777777778
MPR,1990-04-03,K,0.9944444444444445
MPR,1990-04-03,NO3-N,130.11111111111111
MPR,1990-06-05,NH4-N,NA
MPR,1990-06-05,Ca,8.523333333333333
MPR,1990-06-05,Mg,2.0355555555555553
MPR,1990-06-05,K,0.9299999999999999
MPR,1990-06-05,NO3-N,175.66666666666666
MPR,1990-08-07,NH4-N,NA
MPR,1990-08-07,Ca,9.421111111111111
MPR,1990-08-07,Mg,2.1055555555555556
MPR,1990-08-07,K,0.8422222222222222
MPR,1990-08-07,NO3-N,128.88888888888889
MPR,1990-10-09,NH4-N,NA
MPR,1990-10-09,Ca,6.92
MPR,1990-10-09,Mg,1.7955555555555556
MPR,1990-10-09,K,0.7633333333333333
MPR,1990-10-09,NO3-N,142.125
MPR,1990-12-11,NH4-N,NA
MPR,1990-12-11,Ca,7.6322222222222225
MPR,1990-12-11,Mg,2.25
MPR,1990-12-11,K,0.6488888888888888
MPR,1990-12-11,NO3-N,139
MPR,1991-02-12,NH4-N,NA
MPR,1991-02-12,Ca,7.14625
MPR,1991-02-12,Mg,1.9011111111111112
MPR,1991-02-12,K,0.9022222222222223
MPR,1991-02-12,NO3-N,96
MPR,1991-04-16,NH4-N,NA
MPR,1991-04-16,Ca,4.7
MPR,1991-04-16,Mg,0.8314285714285714
MPR,1991-04-16,K,0.7733333333333333
MPR,1991-04-16,NO3-N,55.125
MPR,1991-06-18,NH4-N,NA
MPR,1991-06-18,Ca,6.26
MPR,1991-06-18,Mg,1.96875
MPR,1991-06-18,K,0.77375
MPR,1991-06-18,NO3-N,57.125
MPR,1991-08-20,NH4-N,NA
MPR,1991-08-20,Ca,8.877777777777778
MPR,1991-08-20,Mg,2.4766666666666666
MPR,1991-08-20,K,0.8388888888888889
MPR,1991-08-20,NO3-N,106
MPR,1991-10-22,NH4-N,NA
MPR,1991-10-22,Ca,6.1033333333333335
MPR,1991-10-22,Mg,1.8233333333333335
MPR,1991-10-22,K,0.6577777777777778
MPR,1991-10-22,NO3-N,105.6
MPR,1991-12-24,NH4-N,NA
MPR,1991-12-24,Ca,9.35375
MPR,1991-12-24,Mg,2.17875
MPR,1991-12-24,K,0.8425
MPR,1991-12-24,NO3-N,114.625
MPR,1992-02-25,NH4-N,NA
MPR,1992-02-25,Ca,9.365
MPR,1992-02-25,Mg,2.7511111111111113
MPR,1992-02-25,K,0.9188888888888889
MPR,1992-02-25,NO3-N,107.375
MPR,1992-04-28,NH4-N,NA
MPR,1992-04-28,Ca,7.101111111111111
MPR,1992-04-28,Mg,1.7522222222222221
MPR,1992-04-28,K,0.8366666666666667
MPR,1992-04-28,NO3-N,54.625
MPR,1992-06-30,NH4-N,NA
MPR,1992-06-30,Ca,8.5
MPR,1992-06-30,Mg,2.1577777777777776
MPR,1992-06-30,K,0.7933333333333333
MPR,1992-06-30,NO3-N,43.666666666666664
MPR,1992-09-01,NH4-N,NA
MPR,1992-09-01,Ca,10.154444444444444
MPR,1992-09-01,Mg,2.4855555555555555
MPR,1992-09-01,K,0.9
MPR,1992-09-01,NO3-N,46.44444444444444
MPR,1992-11-03,NH4-N,NA
MPR,1992-11-03,Ca,6.53125
MPR,1992-11-03,Mg,1.5975
MPR,1992-11-03,K,0.62
MPR,1992-11-03,NO3-N,35.166666666666664
MPR,1993-01-05,NH4-N,NA
MPR,1993-01-05,Ca,7.802222222222222
MPR,1993-01-05,Mg,1.981111111111111
MPR,1993-01-05,K,0.7222222222222222
MPR,1993-01-05,NO3-N,78
MPR,1993-03-09,NH4-N,NA
MPR,1993-03-09,Ca,9.028888888888888
MPR,1993-03-09,Mg,2.3055555555555554
MPR,1993-03-09,K,0.8533333333333334
MPR,1993-03-09,NO3-N,80.22222222222223
MPR,1993-05-11,NH4-N,NA
MPR,1993-05-11,Ca,8.234444444444444
MPR,1993-05-11,Mg,2.051111111111111
MPR,1993-05-11,K,0.8077777777777778
MPR,1993-05-11,NO3-N,55.33333333333333
MPR,1993-07-13,NH4-N,NA
MPR,1993-07-13,Ca,8.455
MPR,1993-07-13,Mg,1.97375
MPR,1993-07-13,K,0.8075
MPR,1993-07-13,NO3-N,50.75
MPR,1993-09-14,NH4-N,NA
MPR,1993-09-14,Ca,7.8822222222222225
MPR,1993-09-14,Mg,1.9444444444444444
MPR,1993-09-14,K,0.6866666666666666
MPR,1993-09-14,NO3-N,38.888888888888886
MPR,1993-11-16,NH4-N,NA
MPR,1993-11-16,Ca,6.6
MPR,1993-11-16,Mg,1.5222222222222221
MPR,1993-11-16,K,0.5988888888888889
MPR,1993-11-16,NO3-N,33.2
MPR,1994-01-18,NH4-N,NA
MPR,1994-01-18,Ca,8
MPR,1994-01-18,Mg,1.8822222222222222
MPR,1994-01-18,K,0.6366666666666667
MPR,1994-01-18,NO3-N,6.333333333333333
MPR,1994-03-22,NH4-N,NA
MPR,1994-03-22,Ca,9.256666666666666
MPR,1994-03-22,Mg,2.1155555555555554
MPR,1994-03-22,K,0.7588888888888888
MPR,1994-03-22,NO3-N,18.4
MPR,1994-05-24,NH4-N,NA
MPR,1994-05-24,Ca,8.94111111111111
MPR,1994-05-24,Mg,2.3544444444444443
MPR,1994-05-24,K,0.8277777777777777
MPR,1994-05-24,NO3-N,24.75
MPR,1994-07-26,NH4-N,NA
MPR,1994-07-26,Ca,9.212222222222222
MPR,1994-07-26,Mg,2.428888888888889
MPR,1994-07-26,K,0.8722222222222222
MPR,1994-07-26,NO3-N,179
MPR,1994-09-27,NH4-N,NA
MPR,1994-09-27,Ca,8.956666666666667
MPR,1994-09-27,Mg,1.93
MPR,1994-09-27,K,0.7644444444444445
MPR,1994-09-27,NO3-N,NA
MPR,1994-11-29,NH4-N,NA
MPR,1994-11-29,Ca,8.879999999999999
MPR,1994-11-29,Mg,2.256666666666667
MPR,1994-11-29,K,0.7111111111111111
MPR,1994-11-29,NO3-N,43
